<?xml version="1.0" encoding="UTF-8" ?>
<!DOCTYPE log4j:configuration SYSTEM "log4j.dtd">
<log4j:configuration xmlns:log4j="http://jakarta.apache.org/log4j/">

  <appender name="FILE" class="org.apache.log4j.RollingFileAppender">
    <param name="File"   value="/home/smartdoc/logs/sds.log" />
    <param name="Append"   value="false" />
    <param name="MaxBackupIndex"   value="5" />
    <param name="MaxFileSize"   value="10MB" />
    <layout class="org.apache.log4j.PatternLayout">
      <param name="ConversionPattern" value="%d{ISO8601} [%-10t] %-5p %c %x - %m%n"/>
    </layout>	    
  </appender>
  
  <appender name="STDOUT" class="org.apache.log4j.ConsoleAppender">
    <layout class="org.apache.log4j.PatternLayout">
      <param name="ConversionPattern" value="%d{ISO8601} [%-10t] %-5p %c %x - %m%n"/>
    </layout>		
  </appender>

  <category name="com.xerox" additivity="false">
    <priority value="debug" />
    <appender-ref ref="STDOUT" />
    <appender-ref ref="FILE" />
  </category>
  
  <root>
    <priority value ="debug" />
    <appender-ref ref="STDOUT" />
    <appender-ref ref="FILE" />
  </root>
</log4j:configuration>
